{"__wp_gen_output__": true, "img": {"__probability_map__": true, "prob_map": [[0.0, 0.0, 0.0, 0.0, 0.0, 0.0, 0.0, 0.0, 0.0, 0.0, 0.0, 0.0, 0.0, 0.0], [0.0, 0.0, 0.0, 0.0, 0.0, 0.0, 0.0, 0.0, 0.0, 0.0, 0.0, 0.0, 0.0, 0.0], [0.0, 0.0, 0.0, 0.0, 0.0, 0.0, 0.0, 0.0, 0.0, 0.0, 0.0, 0.0, 0.0, 0.0], [0.0, 0.0, 0.0, 0.0, 0.0, 0.0, 0.0, 0.0, 0.0, 0.0, 0.0, 0.0, 0.0, 0.0], [0.0, 0.0, 0.0, 0.0, 0.0, 0.0, 0.0, 0.0, 0.0, 0.0, 0.0, 0.0, 0.0, 0.0], [0.0, 0.0, 0.0, 0.0, 0.0, 0.0, 0.0, 0.0, 0.0, 0.0, 0.0, 0.0, 0.0, 0.0], [0.0, 0.0, 0.0, 0.0, 0.0, 0.0011021026875823736, 0.014366845600306988, 0.014050306752324104, 0.007516477257013321, 0.000927283545024693, 0.0, 0.0, 0.0, 0.0], [0.0, 0.0, 0.0, 0.0, 1.5891642988208332e-06, 0.013291372917592525, 0.024739284068346024, 0.02437615394592285, 0.024370497092604637, 0.018241070210933685, 0.001332098268903792, 0.0, 0.0, 0.0], [0.0, 0.0, 0.0, 0.0, 0.004696554038673639, 0.02386091835796833, 0.02369711920619011, 0.02321670576930046, 0.024439219385385513, 0.024453027173876762, 0.017219478264451027, 0.0002933343348558992, 0.0, 0.0], [0.0, 0.0, 0.0, 0.0011766761308535933, 0.02055102400481701, 0.024385765194892883, 0.025104718282818794, 0.024615133181214333, 0.023615721613168716, 0.023531384766101837, 0.02480161003768444, 0.003119048895314336, 0.0, 0.0], [0.0, 0.0, 0.0, 0.009669862687587738, 0.02272910252213478, 0.022359760478138924, 0.022395849227905273, 0.024472281336784363, 0.024961212649941444, 0.024070193991065025, 0.019970759749412537, 0.00035283464239910245, 0.0, 0.0], [0.0, 0.0, 0.0, 0.005272658076137304, 0.023482171818614006, 0.022453900426626205, 0.02251710370182991, 0.02318626642227173, 0.023389114066958427, 0.025475941598415375, 0.011977357789874077, 0.0, 0.0, 0.0], [0.0, 0.0, 0.0, 8.815382898319513e-05, 0.01426286157220602, 0.023847671225667, 0.022664885967969894, 0.025227032601833344, 0.0239340178668499, 0.023738902062177658, 0.004333470482379198, 0.0, 0.0, 0.0], [0.0, 0.0, 0.0, 0.0, 5.62243876629509e-05, 0.009916498325765133, 0.01751941628754139, 0.01990685798227787, 0.020170271396636963, 0.00849977508187294, 5.08122866449412e-06, 0.0, 0.0, 0.0]]}, "data": {"WaypointAlgorithmEnum.LHC_GW_CONV": {"time": 69.54648494720459, "wps": {"__waypoints__": true, "x": [227.40675814689368, 197.2412158145712, 227.40675814689368, 257.5723004792161, 227.40675814689365, 197.24121581457118, 227.40675814689365, 257.5723004792161, 287.7378428115386, 287.7378428115386, 317.90338514386104, 287.7378428115386, 257.5723004792161, 227.40675814689365, 197.24121581457118, 167.0756734822487, 167.0756734822487, 197.24121581457118, 227.40675814689365, 257.5723004792161, 287.7378428115386, 317.90338514386104, 317.90338514386104, 287.7378428115386, 257.5723004792161, 227.40675814689365, 257.5723004792161, 227.40675814689365, 197.24121581457118, 167.0756734822487, 136.91013114992623, 136.91013114992623, 167.0756734822487, 197.24121581457118, 197.24121581457118, 167.0756734822487, 136.91013114992623, 106.74458881760377, 106.74458881760377, 136.91013114992623, 167.0756734822487, 197.24121581457118, 227.40675814689365, 257.5723004792161, 287.7378428115386, 317.90338514386104, 348.06892747618355, 348.06892747618355, 348.06892747618355, 317.90338514386104, 287.7378428115386, 257.5723004792161, 227.40675814689365, 197.24121581457118, 167.0756734822487, 136.91013114992623, 106.74458881760377, 106.74458881760377, 136.91013114992623, 167.0756734822487, 197.24121581457118, 227.40675814689365, 257.5723004792161, 227.40675814689365, 197.24121581457118, 167.0756734822487, 197.24121581457118, 167.0756734822487, 197.24121581457118, 227.40675814689365, 257.5723004792161, 227.40675814689365, 257.5723004792161, 227.40675814689365, 197.24121581457118, 167.0756734822487, 136.91013114992623, 106.74458881760377, 136.91013114992623, 106.74458881760377, 76.5790464852813, 76.5790464852813, 46.41350415295882, 16.247961820636355, 46.41350415295882, 76.5790464852813, 106.74458881760377, 136.91013114992623, 167.0756734822487, 136.91013114992623, 106.74458881760377, 76.5790464852813, 46.41350415295882, 16.247961820636355, 16.247961820636355, 46.41350415295882, 16.247961820636355, 16.247961820636355, 16.247961820636355, 16.247961820636355, 16.247961820636355, 46.41350415295882, 46.41350415295882, 46.41350415295882, 46.41350415295882, 76.5790464852813, 106.74458881760377, 136.91013114992623, 167.0756734822487, 167.0756734822487, 197.24121581457118, 227.40675814689365, 257.5723004792161, 257.5723004792161, 257.5723004792161, 287.7378428115386, 287.7378428115386, 287.7378428115386, 287.7378428115386, 317.90338514386104, 317.90338514386104, 317.90338514386104, 317.90338514386104, 287.7378428115386, 287.7378428115386, 287.7378428115386, 317.90338514386104, 317.90338514386104, 317.90338514386104, 317.90338514386104, 348.06892747618355, 348.06892747618355, 348.06892747618355, 348.06892747618355, 378.234469808506, 378.234469808506, 378.234469808506, 378.234469808506, 348.06892747618355, 348.06892747618355, 348.06892747618355, 348.06892747618355, 348.06892747618355, 378.234469808506, 378.234469808506, 408.4000121408285, 378.234469808506, 408.4000121408285, 378.234469808506, 408.4000121408285, 378.234469808506, 408.4000121408285, 378.234469808506, 348.06892747618355, 317.90338514386104, 348.06892747618355, 378.234469808506, 408.4000121408285, 408.4000121408285, 227.40675814689368],